region	request_kind	authored_identifier	known_length_sites	opaque_sites	content_offsets
US	CallEngine	0xc05e76	0	1	0x03a266
US	CallEngine	0xc0778a	0	1	0x00ad98
US	CallEngine	0xc08e9a	0	1	0x03424b
US	CallEngine	0xc09e71	0	1	0x042298
US	CallEngine	0xc09f43	0	1	0x0427a1
US	CallEngine	0xc09f82	0	12	0x033c58,0x037d3f,0x037d9e,0x037dfd,0x0383bc,0x038ec6,0x039b25,0x039cd7,0x03a301,0x03c441,0x03de43,0x03dea6
US	CallEngine	0xc09fbb	0	2	0x03ac10,0x03ac4a
US	CallEngine	0xc0a06c	0	1	0x036a2b
US	CallEngine	0xc0a643	0	2	0x034402,0x03441a
US	CallEngine	0xc0a841	0	23	0x03086f,0x030926,0x031221,0x034d42,0x037795,0x0381bb,0x0381e3,0x03820b,0x038688,0x038af0,0x038c8d,0x038cc1,0x038cf5,0x038d29,0x038d61,0x038e96,0x03aeb6,0x03bf06,0x03bf67,0x03bfcb,0x03c02f,0x03c095,0x03c158
US	CallEngine	0xc0a864	0	111	0x0302ac,0x030671,0x0306ba,0x0309b0,0x030a32,0x030a91,0x030acb,0x030e21,0x030e52,0x030eb9,0x030f9c,0x031115,0x031140,0x0311b4,0x0312ad,0x0312e7,0x031427,0x031869,0x0318a5,0x0318d0,0x0318fd,0x031abd,0x031b4b,0x031d61,0x031d89,0x031e66,0x032454,0x032dfe,0x0334ff,0x033b9e,0x034029,0x034508,0x034c3a,0x034c86,0x034ce0,0x034df1,0x034e73,0x034fc7,0x036ed4,0x036f85,0x0370fd,0x037456,0x037479,0x03765f,0x037698,0x0376d8,0x037711,0x037814,0x03786f,0x037891,0x0378b6,0x0378d8,0x0378fd,0x03791d,0x03793f,0x037987,0x0379c0,0x037a0b,0x037a55,0x037a66,0x037a8a,0x037ec1,0x037f89,0x037fcd,0x038442,0x0384f9,0x0386b2,0x0386fa,0x039213,0x0393fc,0x039ad9,0x039afa,0x039b86,0x039e13,0x039e50,0x039e8b,0x039eb6,0x039eca,0x039ede,0x039ef2,0x03acad,0x03b077,0x03b1a9,0x03b69c,0x03b6d4,0x03b757,0x03b784,0x03be01,0x03be2c,0x03c6dd,0x03c747,0x03c7ae,0x03c90c,0x03c94e,0x03c990,0x03c9e0,0x03ca3e,0x03ca8e,0x03caea,0x03cb38,0x03cb87,0x03cbd5,0x03ccb5,0x03cdf0,0x03cef5,0x03cf1b,0x03cf3c,0x03cf4b,0x03cf76,0x03d04d,0x03dbdb
US	CallEngine	0xc0a86f	0	19	0x0307ab,0x033584,0x0335a7,0x033eb6,0x034138,0x03415d,0x034182,0x0341a7,0x0387b6,0x038950,0x0389dd,0x039030,0x039053,0x03b0f3,0x03b13e,0x03b7bc,0x03cec7,0x03dba0,0x03dbcc
US	CallEngine	0xc0a87a	0	7	0x031a83,0x031ab1,0x031b14,0x03baea,0x03bb17,0x03bb33,0x03bb4c
US	CallEngine	0xc0a88d	0	1	0x03ad93
US	CallEngine	0xc0a8b3	0	11	0x03083e,0x030de7,0x03184d,0x03427f,0x0342c2,0x039258,0x03b480,0x03c4dd,0x03c54e,0x03d209,0x03d434
US	CallEngine	0xc0a92d	0	9	0x03139c,0x03c6bf,0x03d1df,0x03d233,0x03d25e,0x03d3de,0x03d413,0x03d454,0x03d471
US	CallEngine	0xc0a938	0	5	0x031536,0x031dd9,0x038dbd,0x03b800,0x03c1be
US	CallEngine	0xc0a943	0	27	0x030383,0x0303d4,0x030986,0x030bfb,0x030e8c,0x031094,0x0311f4,0x031283,0x0313bc,0x031e3d,0x033c73,0x033e66,0x033edc,0x037201,0x0375dd,0x038526,0x039d51,0x03afe3,0x03b00b,0x03b032,0x03b36e,0x03b8f5,0x03b9c3,0x03c3a9,0x03d185,0x03d1a3,0x03d3a2
US	CallEngine	0xc0a94e	0	1	0x0385d7
US	CallEngine	0xc0a959	0	1	0x038b29
US	CallEngine	0xc0a964	0	9	0x03a33e,0x03a34c,0x03a35a,0x03a368,0x03a376,0x03a396,0x03bd23,0x03bd95,0x03c58f
US	CallEngine	0xc0aa6e	0	70	0x030298,0x030481,0x0306a5,0x0306eb,0x031c04,0x031c2a,0x031e82,0x031e9f,0x031ffd,0x03215e,0x0322c0,0x03234f,0x0323d8,0x03242b,0x0324c7,0x032500,0x03250e,0x032529,0x032537,0x032821,0x032869,0x032881,0x032899,0x0328b4,0x032c4f,0x032c93,0x032cab,0x032cc3,0x032cf7,0x032e8a,0x033078,0x0331fa,0x033388,0x033399,0x0333bb,0x0333cc,0x033433,0x033542,0x033549,0x0335ca,0x0339df,0x033a95,0x033ac2,0x034319,0x03439a,0x03457d,0x0345aa,0x0360f3,0x0362c0,0x03672f,0x0369db,0x0369f4,0x0369fe,0x0373c5,0x037547,0x0383e0,0x038418,0x039087,0x0390ba,0x0390ed,0x039296,0x0392bd,0x0393d2,0x039fa4,0x039fc6,0x03bdd0,0x03be87,0x03c277,0x03d0a4,0x03d681
US	CallEngine	0xc0aaac	0	1	0x03522c
US	CallEngine	0xc0aafd	0	2	0x040f50,0x040f5f
US	CallEngine	0xc0c353	0	1	0x03a2a3
US	CallEngine	0xc0c48f	0	10	0x03a49a,0x03a559,0x03a5dc,0x03a656,0x03a736,0x03a798,0x03a8e6,0x03a971,0x03a9f3,0x03de24
US	CallEngine	0xc0c4af	0	2	0x03a6e0,0x03a889
US	CallEngine	0xc0c4f7	0	2	0x03de7b,0x03decc
US	CallEngine	0xc0cccc	0	2	0x036d39,0x03a807
US	CallEngine	0xc0d77f	0	2	0x03df01,0x03df75
US	CallEngine	0xc0d7c7	0	1	0x03df35
US	CallEngine	0xc0ec77	0	1	0x04223f
US	CallEngine	0xc0ed14	0	1	0x04221f
US	CallEngine	0xc0ed5c	0	1	0x042230
US	CallEngine	0xc0ee53	0	1	0x04221a
US	CallEngine	0xc0f3b2	0	1	0x04217b
US	CallEngine	0xc1ffd3	0	1	0x03a043
US	CallEngine	0xc2db3f	0	1	0x042172
US	CallEngine	0xc4258c	4	0	0x03240d,0x0324f2,0x033384,0x0335c2
US	CallEngine	0xc425f3	0	1	0x0327de
US	CallEngine	0xc42624	0	1	0x032bd4
US	CallEngine	0xc4675c	0	1	0x034097
US	CallEngine	0xc467e6	0	1	0x033dd4
US	CallEngine	0xc4681a	0	1	0x036d24
US	CallEngine	0xc468a9	0	2	0x031460,0x03c5d1
US	CallEngine	0xc468b5	0	1	0x0343b3
US	CallEngine	0xc46914	0	1	0x036e45
US	CallEngine	0xc46a6e	0	1	0x030503
US	CallEngine	0xc46adb	0	3	0x03ab44,0x03ab67,0x03b93b
US	CallEngine	0xc46b65	0	1	0x03a4de
US	CallEngine	0xc46d23	0	1	0x0341d1
US	CallEngine	0xc46d4b	0	2	0x033b11,0x033b8b
US	CallEngine	0xc46e46	0	23	0x030532,0x030974,0x030b12,0x030c1b,0x030c32,0x031c8b,0x031d26,0x033f2a,0x0345d1,0x03490c,0x034985,0x034a86,0x034b06,0x034bdf,0x036d03,0x0386a4,0x03890b,0x03ae90,0x03b3c1,0x03b42c,0x03bbb0,0x03c24c,0x03d152
US	CallEngine	0xc46e74	0	37	0x0303fd,0x0380e4,0x03816a,0x0394b9,0x0394ea,0x03951b,0x03954c,0x03957d,0x0395ae,0x0395df,0x039610,0x039641,0x039672,0x0396a3,0x0396d4,0x039705,0x039736,0x039767,0x039798,0x0397c9,0x0397fa,0x03982b,0x03985c,0x03988d,0x0398be,0x0398ef,0x039920,0x039951,0x039982,0x0399b3,0x0399e4,0x039a15,0x039a46,0x039a77,0x039aa8,0x03ab8c,0x03ab96
US	CallEngine	0xc47044	0	3	0x036374,0x0366ff,0x037b1d
US	CallEngine	0xc47499	0	2	0x031cb1,0x034759
US	CallEngine	0xc474a8	0	2	0x031d7b,0x031e5a
US	CallEngine	0xc47a9e	0	1	0x033bc0
US	CallEngine	0xc4880c	0	1	0x031cfd
US	CallEngine	0xc48b3b	0	3	0x03afa3,0x03c0e4,0x03c227
US	CallEngine	0xc4e2d7	0	1	0x031c9d
US	CallEngine	0xc4e4da	0	1	0x035231
US	CallEngine	0xc4ece7	0	5	0x035f9a,0x03634c,0x0363fb,0x036784,0x036991
US	CallEngine	0xef027d	0	1	0x03a088
US	CallEngine	0xefe556	0	1	0x02ffc5
US	SetTickCallback	0xc0d7e0	1	0	0x03a783
US	SetTickCallback	0xc476a5	3	0	0x031ff9,0x0327b9,0x033074
US	SetTickCallback	0xc47705	3	0	0x03215a,0x032ba6,0x032e86
US	SetTickCallback	0xc48b3b	7	0	0x033c6f,0x033cdd,0x037c0b,0x03b7f2,0x03c610,0x03c637,0x03c68a
US	SetTickCallback	0xc4e51e	1	0	0x035246
US	SetDrawCallback	0x00a0fa	2	0	0x02ffbe,0x042212
US	SetProjectionCallback	0x00a0a0	1	0	0x035fd1
US	SetProjectionCallback	0x00a37a	1	0	0x037245
US	SetAnimationResource	0xe1cf9d	1	0	0x04220e
US	SetAnimationResource	0xeff5bb	1	0	0x02ffb7
US	ReadGameVariable	0x000099	1	0	0x035226
US	ReadGameVariable	0x002af8	1	0	0x03a27b
US	ReadGameVariable	0x004dba	1	0	0x039e07
US	ReadGameVariable	0x005d60	1	0	0x039e01
US	ReadGameVariable	0x009f75	2	0	0x04222a,0x042290
US	WriteGameWord	0x0000ad	1	0	0x03a099
US	WriteGameWord	0x005d9a	4	0	0x030235,0x039e7b,0x039e83,0x03bda3
US	WriteGameWord	0x009d1b	1	0	0x031c81
US	WriteGameWord	0x009d1d	1	0	0x031c86
JP	CallEngine	0xc060a4	0	1	0x03a256
JP	CallEngine	0xc079da	0	1	0x00ad77
JP	CallEngine	0xc08e8b	0	1	0x034247
JP	CallEngine	0xc09f22	0	1	0x0426df
JP	CallEngine	0xc09f61	0	12	0x033c54,0x037d39,0x037d98,0x037df7,0x0383b6,0x038ec0,0x039b1f,0x039cd1,0x03a2f1,0x03c42f,0x03de2d,0x03de90
JP	CallEngine	0xc09f9a	0	2	0x03ac00,0x03ac3a
JP	CallEngine	0xc0a04b	0	1	0x036a25
JP	CallEngine	0xc0a622	0	2	0x0343fe,0x034416
JP	CallEngine	0xc0a820	0	23	0x03086f,0x030926,0x031221,0x034d3c,0x03778f,0x0381b5,0x0381dd,0x038205,0x038682,0x038aea,0x038c87,0x038cbb,0x038cef,0x038d23,0x038d5b,0x038e90,0x03aea6,0x03bef4,0x03bf55,0x03bfb9,0x03c01d,0x03c083,0x03c146
JP	CallEngine	0xc0a843	0	111	0x0302ac,0x030671,0x0306ba,0x0309b0,0x030a32,0x030a91,0x030acb,0x030e21,0x030e52,0x030eb9,0x030f9c,0x031115,0x031140,0x0311b4,0x0312ad,0x0312e7,0x031427,0x031861,0x03189d,0x0318c8,0x0318f5,0x031ab5,0x031b43,0x031d59,0x031d81,0x031e5e,0x03244c,0x032df6,0x0334f7,0x033b96,0x034025,0x034502,0x034c34,0x034c80,0x034cda,0x034deb,0x034e6d,0x034fc1,0x036ece,0x036f7f,0x0370f7,0x037450,0x037473,0x037659,0x037692,0x0376d2,0x03770b,0x03780e,0x037869,0x03788b,0x0378b0,0x0378d2,0x0378f7,0x037917,0x037939,0x037981,0x0379ba,0x037a05,0x037a4f,0x037a60,0x037a84,0x037ebb,0x037f83,0x037fc7,0x03843c,0x0384f3,0x0386ac,0x0386f4,0x03920d,0x0393f6,0x039ad3,0x039af4,0x039b80,0x039e0d,0x039e4a,0x039e85,0x039eb0,0x039ec4,0x039ed8,0x039eec,0x03ac9d,0x03b067,0x03b199,0x03b68c,0x03b6c4,0x03b747,0x03b774,0x03bdef,0x03be1a,0x03c6cb,0x03c735,0x03c79c,0x03c8fa,0x03c93c,0x03c97e,0x03c9ce,0x03ca2c,0x03ca7c,0x03cad8,0x03cb26,0x03cb75,0x03cbc3,0x03cca3,0x03cdde,0x03cee3,0x03cf09,0x03cf2a,0x03cf39,0x03cf64,0x03d03b,0x03dbc5
JP	CallEngine	0xc0a84e	0	19	0x0307ab,0x03357c,0x03359f,0x033eb2,0x034134,0x034159,0x03417e,0x0341a3,0x0387b0,0x03894a,0x0389d7,0x03902a,0x03904d,0x03b0e3,0x03b12e,0x03b7ac,0x03ceb5,0x03db8a,0x03dbb6
JP	CallEngine	0xc0a859	0	7	0x031a7b,0x031aa9,0x031b0c,0x03bad8,0x03bb05,0x03bb21,0x03bb3a
JP	CallEngine	0xc0a86c	0	1	0x03ad83
JP	CallEngine	0xc0a892	0	11	0x03083e,0x030de7,0x031845,0x03427b,0x0342be,0x039252,0x03b470,0x03c4cb,0x03c53c,0x03d1f7,0x03d422
JP	CallEngine	0xc0a90c	0	9	0x03139c,0x03c6ad,0x03d1cd,0x03d221,0x03d24c,0x03d3cc,0x03d401,0x03d442,0x03d45f
JP	CallEngine	0xc0a917	0	5	0x03152e,0x031dd1,0x038db7,0x03b7f0,0x03c1ac
JP	CallEngine	0xc0a922	0	27	0x030383,0x0303d4,0x030986,0x030bfb,0x030e8c,0x031094,0x0311f4,0x031283,0x0313bc,0x031e35,0x033c6f,0x033e62,0x033ed8,0x0371fb,0x0375d7,0x038520,0x039d4b,0x03afd3,0x03affb,0x03b022,0x03b35e,0x03b8e5,0x03b9b1,0x03c397,0x03d173,0x03d191,0x03d390
JP	CallEngine	0xc0a92d	0	1	0x0385d1
JP	CallEngine	0xc0a938	0	1	0x038b23
JP	CallEngine	0xc0a943	0	9	0x03a32e,0x03a33c,0x03a34a,0x03a358,0x03a366,0x03a386,0x03bd11,0x03bd83,0x03c57d
JP	CallEngine	0xc0aa4d	0	70	0x030298,0x030481,0x0306a5,0x0306eb,0x031bfc,0x031c22,0x031e7a,0x031e97,0x031ff5,0x032156,0x0322b8,0x032347,0x0323d0,0x032423,0x0324bf,0x0324f8,0x032506,0x032521,0x03252f,0x032819,0x032861,0x032879,0x032891,0x0328ac,0x032c47,0x032c8b,0x032ca3,0x032cbb,0x032cef,0x032e82,0x033070,0x0331f2,0x033380,0x033391,0x0333b3,0x0333c4,0x03342b,0x03353a,0x033541,0x0335c2,0x0339d7,0x033a8d,0x033aba,0x034315,0x034396,0x034577,0x0345a4,0x0360ed,0x0362ba,0x036729,0x0369d5,0x0369ee,0x0369f8,0x0373bf,0x037541,0x0383da,0x038412,0x039081,0x0390b4,0x0390e7,0x039290,0x0392b7,0x0393cc,0x039f9e,0x039fc0,0x03bdbe,0x03be75,0x03c265,0x03d092,0x03d66f
JP	CallEngine	0xc0aa8b	0	1	0x035226
JP	CallEngine	0xc0aadc	0	2	0x040e9c,0x040eab
JP	CallEngine	0xc0c335	0	1	0x03a293
JP	CallEngine	0xc0c471	0	10	0x03a48a,0x03a549,0x03a5cc,0x03a646,0x03a726,0x03a788,0x03a8d6,0x03a961,0x03a9e3,0x03de0e
JP	CallEngine	0xc0c491	0	2	0x03a6d0,0x03a879
JP	CallEngine	0xc0c4d9	0	2	0x03de65,0x03deb6
JP	CallEngine	0xc0ccae	0	2	0x036d33,0x03a7f7
JP	CallEngine	0xc0d747	0	2	0x03deeb,0x03df5f
JP	CallEngine	0xc0d78f	0	1	0x03df1f
JP	CallEngine	0xc0edab	0	1	0x042187
JP	CallEngine	0xc0f481	0	1	0x0420c7
JP	CallEngine	0xc1fd04	0	1	0x03a03d
JP	CallEngine	0xc2dab4	0	1	0x0420be
JP	CallEngine	0xc3edcf	0	1	0x03a07e
JP	CallEngine	0xc424ca	4	0	0x032405,0x0324ea,0x03337c,0x0335ba
JP	CallEngine	0xc42531	0	1	0x0327d6
JP	CallEngine	0xc42562	0	1	0x032bcc
JP	CallEngine	0xc444d6	0	1	0x034093
JP	CallEngine	0xc44568	0	1	0x033dd0
JP	CallEngine	0xc4459c	0	1	0x036d1e
JP	CallEngine	0xc4462b	0	2	0x031460,0x03c5bf
JP	CallEngine	0xc44631	0	1	0x0343af
JP	CallEngine	0xc44690	0	1	0x036e3f
JP	CallEngine	0xc447ea	0	1	0x030503
JP	CallEngine	0xc44857	0	3	0x03ab34,0x03ab57,0x03b92b
JP	CallEngine	0xc448e1	0	1	0x03a4ce
JP	CallEngine	0xc44aa7	0	1	0x0341cd
JP	CallEngine	0xc44acf	0	2	0x033b09,0x033b83
JP	CallEngine	0xc44bca	0	23	0x030532,0x030974,0x030b12,0x030c1b,0x030c32,0x031c83,0x031d1e,0x033f26,0x0345cb,0x034906,0x03497f,0x034a80,0x034b00,0x034bd9,0x036cfd,0x03869e,0x038905,0x03ae80,0x03b3b1,0x03b41c,0x03bb9e,0x03c23a,0x03d140
JP	CallEngine	0xc44bf8	0	37	0x0303fd,0x0380de,0x038164,0x0394b3,0x0394e4,0x039515,0x039546,0x039577,0x0395a8,0x0395d9,0x03960a,0x03963b,0x03966c,0x03969d,0x0396ce,0x0396ff,0x039730,0x039761,0x039792,0x0397c3,0x0397f4,0x039825,0x039856,0x039887,0x0398b8,0x0398e9,0x03991a,0x03994b,0x03997c,0x0399ad,0x0399de,0x039a0f,0x039a40,0x039a71,0x039aa2,0x03ab7c,0x03ab86
JP	CallEngine	0xc44dc8	0	3	0x03636e,0x0366f9,0x037b17
JP	CallEngine	0xc4521d	0	2	0x031ca9,0x034753
JP	CallEngine	0xc4522c	0	2	0x031d73,0x031e52
JP	CallEngine	0xc45822	0	1	0x033bb8
JP	CallEngine	0xc45eb7	0	1	0x031cf5
JP	CallEngine	0xc4617c	0	3	0x03af93,0x03c0d2,0x03c215
JP	CallEngine	0xc4b4e8	0	1	0x031c95
JP	CallEngine	0xc4bb37	0	1	0x03522b
JP	CallEngine	0xc4bf42	0	5	0x035f94,0x036346,0x0363f5,0x03677e,0x03698b
JP	CallEngine	0xefce79	0	1	0x04d0f8
JP	SetTickCallback	0xc0d7a8	1	0	0x03a773
JP	SetTickCallback	0xc45429	3	0	0x031ff1,0x0327b1,0x03306c
JP	SetTickCallback	0xc45489	3	0	0x032152,0x032b9e,0x032e7e
JP	SetTickCallback	0xc4617c	7	0	0x033c6b,0x033cd9,0x037c05,0x03b7e2,0x03c5fe,0x03c625,0x03c678
JP	SetTickCallback	0xc4bb7b	1	0	0x035240
JP	SetDrawCallback	0x00a0d9	2	0	0x04217f,0x04d0f1
JP	SetProjectionCallback	0x00a07f	1	0	0x035fcb
JP	SetProjectionCallback	0x00a359	1	0	0x03723f
JP	SetAnimationResource	0xe1ca4c	1	0	0x04217b
JP	SetAnimationResource	0xefdee6	1	0	0x04d0ea
JP	ReadGameVariable	0x000099	1	0	0x035220
JP	ReadGameVariable	0x002ef6	1	0	0x03a26b
JP	ReadGameVariable	0x005140	1	0	0x039e01
JP	ReadGameVariable	0x0060e6	1	0	0x039dfb
JP	WriteGameWord	0x006120	4	0	0x030235,0x039e75,0x039e7d,0x03bd91
JP	WriteGameWord	0x009fa1	1	0	0x031c79
JP	WriteGameWord	0x009fa3	1	0	0x031c7e
